{
    "LBP": {
        "No Crack (0)": {
            "precision": 0.5296108291032149,
            "recall": 0.9427710843373494,
            "f1-score": 0.6782231852654388,
            "support": 332.0
        },
        "Crack (1)": {
            "precision": 0.7361111111111112,
            "recall": 0.16012084592145015,
            "f1-score": 0.2630272952853598,
            "support": 331.0
        },
        "accuracy": 0.5520361990950227,
        "macro avg": {
            "precision": 0.632860970107163,
            "recall": 0.5514459651293997,
            "f1-score": 0.4706252402753993,
            "support": 663.0
        },
        "weighted avg": {
            "precision": 0.6327052383711088,
            "recall": 0.5520361990950227,
            "f1-score": 0.4709383593477825,
            "support": 663.0
        }
    },
    "HOG": {
        "No Crack (0)": {
            "precision": 0.7265917602996255,
            "recall": 0.5843373493975904,
            "f1-score": 0.6477462437395659,
            "support": 332.0
        },
        "Crack (1)": {
            "precision": 0.6515151515151515,
            "recall": 0.7794561933534743,
            "f1-score": 0.7097661623108665,
            "support": 331.0
        },
        "accuracy": 0.6817496229260935,
        "macro avg": {
            "precision": 0.6890534559073884,
            "recall": 0.6818967713755324,
            "f1-score": 0.6787562030252162,
            "support": 663.0
        },
        "weighted avg": {
            "precision": 0.6891100747677087,
            "recall": 0.6817496229260935,
            "f1-score": 0.678709430839265,
            "support": 663.0
        }
    },
    "AKAZE": {
        "No Crack (0)": {
            "precision": 0.55,
            "recall": 0.9608433734939759,
            "f1-score": 0.6995614035087719,
            "support": 332.0
        },
        "Crack (1)": {
            "precision": 0.8433734939759037,
            "recall": 0.21148036253776434,
            "f1-score": 0.33816425120772947,
            "support": 331.0
        },
        "accuracy": 0.5867269984917044,
        "macro avg": {
            "precision": 0.6966867469879519,
            "recall": 0.5861618680158701,
            "f1-score": 0.5188628273582507,
            "support": 663.0
        },
        "weighted avg": {
            "precision": 0.6964655000090861,
            "recall": 0.5867269984917044,
            "f1-score": 0.5191353742302727,
            "support": 663.0
        }
    },
    "ORB": {
        "No Crack (0)": {
            "precision": 0.49770290964777947,
            "recall": 0.9789156626506024,
            "f1-score": 0.6598984771573604,
            "support": 332.0
        },
        "Crack (1)": {
            "precision": 0.3,
            "recall": 0.00906344410876133,
            "f1-score": 0.017595307917888565,
            "support": 331.0
        },
        "accuracy": 0.4947209653092006,
        "macro avg": {
            "precision": 0.39885145482388973,
            "recall": 0.49398955337968187,
            "f1-score": 0.33874689253762447,
            "support": 663.0
        },
        "weighted avg": {
            "precision": 0.3990005520408187,
            "recall": 0.4947209653092006,
            "f1-score": 0.339231284067971,
            "support": 663.0
        }
    }
}